name,type,value,date
Argentina,,1629,1948/1/1
Argentina,,1044,1949/1/1
Argentina,,1178,1950/1/1
Argentina,,1169,1951/1/1
Argentina,,688,1952/1/1
Argentina,,1125,1953/1/1
Argentina,,1027,1954/1/1
Argentina,,929,1955/1/1
Argentina,,944,1956/1/1
Argentina,,975,1957/1/1
Argentina,,994,1958/1/1
Argentina,,1009,1959/1/1
Argentina,,1079,1960/1/1
Argentina,,964,1961/1/1
Argentina,,1216,1962/1/1
Argentina,,1365,1963/1/1
Argentina,,1410,1964/1/1
Argentina,,1493,1965/1/1
Argentina,,1593,1966/1/1
Argentina,,1465,1967/1/1
Argentina,,1368,1968/1/1
Argentina,,1612,1969/1/1
Argentina,,1773,1970/1/1
Argentina,,1740,1971/1/1
Argentina,,1941,1972/1/1
Argentina,,3266,1973/1/1
Argentina,,3931,1974/1/1
Argentina,,2961,1975/1/1
Argentina,,3916,1976/1/1
Argentina,,5652,1977/1/1
Argentina,,6400,1978/1/1
Argentina,,7810,1979/1/1
Argentina,,8021,1980/1/1
Argentina,,9143,1981/1/1
Argentina,,7625,1982/1/1
Argentina,,7836,1983/1/1
Argentina,,8107,1984/1/1
Argentina,,8396,1985/1/1
Argentina,,6852,1986/1/1
Argentina,,6360,1987/1/1
Argentina,,9135,1988/1/1
Argentina,,9579,1989/1/1
Argentina,,12353,1990/1/1
Argentina,,11978,1991/1/1
Argentina,,12235,1992/1/1
Argentina,,13118,1993/1/1
Argentina,,15659,1994/1/1
Argentina,,20967,1995/1/1
Argentina,,23811,1996/1/1
Argentina,,26370,1997/1/1
Argentina,,26441,1998/1/1
Argentina,,23333,1999/1/1
Argentina,,26341,2000/1/1
Argentina,,26543,2001/1/1
Argentina,,25650,2002/1/1
Argentina,,29566,2003/1/1
Argentina,,34576,2004/1/1
Argentina,,40351,2005/1/1
Argentina,,46546,2006/1/1
Argentina,,55779,2007/1/1
Argentina,,70018,2008/1/1
Argentina,,55672,2009/1/1
Argentina,,68187,2010/1/1
Argentina,,84051,2011/1/1
Argentina,,79982,2012/1/1
Argentina,,75963,2013/1/1
Argentina,,68405,2014/1/1
Argentina,,56784,2015/1/1
Argentina,,57910,2016/1/1
Argentina,,58644,2017/1/1
Argentina,,61781,2018/1/1
Argentina,,65116,2019/1/1
Argentina,,54884,2020/1/1
Austria,,198,1948/1/1
Austria,,286,1949/1/1
Austria,,326,1950/1/1
Austria,,451,1951/1/1
Austria,,506,1952/1/1
Austria,,540,1953/1/1
Austria,,610,1954/1/1
Austria,,699,1955/1/1
Austria,,849,1956/1/1
Austria,,979,1957/1/1
Austria,,918,1958/1/1
Austria,,968,1959/1/1
Austria,,1120,1960/1/1
Austria,,1202,1961/1/1
Austria,,1264,1962/1/1
Austria,,1326,1963/1/1
Austria,,1446,1964/1/1
Austria,,1600,1965/1/1
Austria,,1684,1966/1/1
Austria,,1809,1967/1/1
Austria,,1989,1968/1/1
Austria,,2412,1969/1/1
Austria,,2857,1970/1/1
Austria,,3168,1971/1/1
Austria,,3883,1972/1/1
Austria,,5283,1973/1/1
Austria,,7161,1974/1/1
Austria,,7519,1975/1/1
Austria,,8506,1976/1/1
Austria,,9808,1977/1/1
Austria,,12175,1978/1/1
Austria,,15481,1979/1/1
Austria,,17489,1980/1/1
Austria,,15841,1981/1/1
Austria,,15642,1982/1/1
Austria,,15427,1983/1/1
Austria,,15739,1984/1/1
Austria,,17239,1985/1/1
Austria,,22508,1986/1/1
Austria,,27168,1987/1/1
Austria,,31027,1988/1/1
Austria,,31906,1989/1/1
Austria,,41265,1990/1/1
Austria,,41111,1991/1/1
Austria,,44537,1992/1/1
Austria,,40685,1993/1/1
Austria,,45002,1994/1/1
Austria,,57738,1995/1/1
Austria,,58222,1996/1/1
Austria,,59784,1997/1/1
Austria,,64085,1998/1/1
Austria,,66061,1999/1/1
Austria,,67710,2000/1/1
Austria,,70751,2001/1/1
Austria,,78673,2002/1/1
Austria,,97146,2003/1/1
Austria,,118376,2004/1/1
Austria,,125182,2005/1/1
Austria,,136751,2006/1/1
Austria,,163620,2007/1/1
Austria,,181289,2008/1/1
Austria,,136989,2009/1/1
Austria,,152560,2010/1/1
Austria,,177428,2011/1/1
Austria,,166611,2012/1/1
Austria,,175156,2013/1/1
Austria,,178223,2014/1/1
Austria,,152728,2015/1/1
Austria,,152090,2016/1/1
Austria,,168026,2017/1/1
Austria,,184815,2018/1/1
Austria,,178670,2019/1/1
Austria,,168940,2020/1/1
Brazil,,1183,1948/1/1
Brazil,,1100,1949/1/1
Brazil,,1359,1950/1/1
Brazil,,1771,1951/1/1
Brazil,,1416,1952/1/1
Brazil,,1539,1953/1/1
Brazil,,1562,1954/1/1
Brazil,,1423,1955/1/1
Brazil,,1482,1956/1/1
Brazil,,1392,1957/1/1
Brazil,,1243,1958/1/1
Brazil,,1282,1959/1/1
Brazil,,1268,1960/1/1
Brazil,,1403,1961/1/1
Brazil,,1214,1962/1/1
Brazil,,1406,1963/1/1
Brazil,,1430,1964/1/1
Brazil,,1596,1965/1/1
Brazil,,1741,1966/1/1
Brazil,,1654,1967/1/1
Brazil,,1881,1968/1/1
Brazil,,2311,1969/1/1
Brazil,,2739,1970/1/1
Brazil,,2904,1971/1/1
Brazil,,3991,1972/1/1
Brazil,,6199,1973/1/1
Brazil,,7951,1974/1/1
Brazil,,8670,1975/1/1
Brazil,,10128,1976/1/1
Brazil,,12120,1977/1/1
Brazil,,12659,1978/1/1
Brazil,,15244,1979/1/1
Brazil,,20132,1980/1/1
Brazil,,23293,1981/1/1
Brazil,,20175,1982/1/1
Brazil,,21899,1983/1/1
Brazil,,27005,1984/1/1
Brazil,,25639,1985/1/1
Brazil,,22349,1986/1/1
Brazil,,26224,1987/1/1
Brazil,,33494,1988/1/1
Brazil,,34383,1989/1/1
Brazil,,31414,1990/1/1
Brazil,,31620,1991/1/1
Brazil,,35793,1992/1/1
Brazil,,38555,1993/1/1
Brazil,,43545,1994/1/1
Brazil,,46506,1995/1/1
Brazil,,47747,1996/1/1
Brazil,,52994,1997/1/1
Brazil,,51140,1998/1/1
Brazil,,48013,1999/1/1
Brazil,,55119,2000/1/1
Brazil,,58287,2001/1/1
Brazil,,60439,2002/1/1
Brazil,,73203,2003/1/1
Brazil,,96678,2004/1/1
Brazil,,118529,2005/1/1
Brazil,,137807,2006/1/1
Brazil,,160649,2007/1/1
Brazil,,197942,2008/1/1
Brazil,,152995,2009/1/1
Brazil,,201915,2010/1/1
Brazil,,256040,2011/1/1
Brazil,,242578,2012/1/1
Brazil,,242034,2013/1/1
Brazil,,225101,2014/1/1
Brazil,,191134,2015/1/1
Brazil,,185232,2016/1/1
Brazil,,217739,2017/1/1
Brazil,,239264,2018/1/1
Brazil,,225383,2019/1/1
Brazil,,209878,2020/1/1
Canada,,3202,1948/1/1
Canada,,3050,1949/1/1
Canada,,3020,1950/1/1
Canada,,3911,1951/1/1
Canada,,4630,1952/1/1
Canada,,4385,1953/1/1
Canada,,4197,1954/1/1
Canada,,4574,1955/1/1
Canada,,5157,1956/1/1
Canada,,5345,1957/1/1
Canada,,5273,1958/1/1
Canada,,5617,1959/1/1
Canada,,5818,1960/1/1
Canada,,6085,1961/1/1
Canada,,6213,1962/1/1
Canada,,6777,1963/1/1
Canada,,8037,1964/1/1
Canada,,8473,1965/1/1
Canada,,10005,1966/1/1
Canada,,11000,1967/1/1
Canada,,13171,1968/1/1
Canada,,14350,1969/1/1
Canada,,16787,1970/1/1
Canada,,18374,1971/1/1
Canada,,21185,1972/1/1
Canada,,26437,1973/1/1
Canada,,34508,1974/1/1
Canada,,34074,1975/1/1
Canada,,40598,1976/1/1
Canada,,43545,1977/1/1
Canada,,48432,1978/1/1
Canada,,58294,1979/1/1
Canada,,67734,1980/1/1
Canada,,72726,1981/1/1
Canada,,71234,1982/1/1
Canada,,76749,1983/1/1
Canada,,90272,1984/1/1
Canada,,90950,1985/1/1
Canada,,90329,1986/1/1
Canada,,98168,1987/1/1
Canada,,117105,1988/1/1
Canada,,121832,1989/1/1
Canada,,127629,1990/1/1
Canada,,127163,1991/1/1
Canada,,134435,1992/1/1
Canada,,145178,1993/1/1
Canada,,165376,1994/1/1
Canada,,192197,1995/1/1
Canada,,201633,1996/1/1
Canada,,214422,1997/1/1
Canada,,214327,1998/1/1
Canada,,238446,1999/1/1
Canada,,276635,2000/1/1
Canada,,259858,2001/1/1
Canada,,252394,2002/1/1
Canada,,272739,2003/1/1
Canada,,316762,2004/1/1
Canada,,360475,2005/1/1
Canada,,388178,2006/1/1
Canada,,420693,2007/1/1
Canada,,456471,2008/1/1
Canada,,316094,2009/1/1
Canada,,387481,2010/1/1
Canada,,451335,2011/1/1
Canada,,455592,2012/1/1
Canada,,458318,2013/1/1
Canada,,476300,2014/1/1
Canada,,410062,2015/1/1
Canada,,389991,2016/1/1
Canada,,420665,2017/1/1
Canada,,450743,2018/1/1
Canada,,446585,2019/1/1
Canada,,390668,2020/1/1
China,,520,1948/1/1
China,,0,1949/1/1
China,,550,1950/1/1
China,,760,1951/1/1
China,,820,1952/1/1
China,,1020,1953/1/1
China,,1150,1954/1/1
China,,1410,1955/1/1
China,,1650,1956/1/1
China,,2214,1957/1/1
China,,2726,1958/1/1
China,,3172,1959/1/1
China,,2571,1960/1/1
China,,1942,1961/1/1
China,,1913,1962/1/1
China,,2031,1963/1/1
China,,2250,1964/1/1
China,,2563,1965/1/1
China,,2681,1966/1/1
China,,2388,1967/1/1
China,,2340,1968/1/1
China,,2429,1969/1/1
China,,2307,1970/1/1
China,,2783,1971/1/1
China,,3693,1972/1/1
China,,5876,1973/1/1
China,,7108,1974/1/1
China,,7689,1975/1/1
China,,6943,1976/1/1
China,,7520,1977/1/1
China,,9955,1978/1/1
China,,13614,1979/1/1
China,,18099,1980/1/1
China,,22007,1981/1/1
China,,22321,1982/1/1
China,,22226,1983/1/1
China,,26139,1984/1/1
China,,27350,1985/1/1
China,,30942,1986/1/1
China,,39437,1987/1/1
China,,47516,1988/1/1
China,,52538,1989/1/1
China,,62091,1990/1/1
China,,71910,1991/1/1
China,,84940,1992/1/1
China,,91744,1993/1/1
China,,121006,1994/1/1
China,,148780,1995/1/1
China,,151048,1996/1/1
China,,182792,1997/1/1
China,,183712,1998/1/1
China,,194931,1999/1/1
China,,249203,2000/1/1
China,,266098,2001/1/1
China,,325596,2002/1/1
China,,438228,2003/1/1
China,,593326,2004/1/1
China,,761953,2005/1/1
China,,968978,2006/1/1
China,,1220456,2007/1/1
China,,1430693,2008/1/1
China,,1201612,2009/1/1
China,,1577754,2010/1/1
China,,1898381,2011/1/1
China,,2048714,2012/1/1
China,,2209005,2013/1/1
China,,2342293,2014/1/1
China,,2273468,2015/1/1
China,,2097632,2016/1/1
China,,2263346,2017/1/1
China,,2486695,2018/1/1
China,,2499457,2019/1/1
China,,2591121,2020/1/1
Czech Republic,,,1948/1/1
Czech Republic,,,1949/1/1
Czech Republic,,,1950/1/1
Czech Republic,,,1951/1/1
Czech Republic,,,1952/1/1
Czech Republic,,,1953/1/1
Czech Republic,,,1954/1/1
Czech Republic,,,1955/1/1
Czech Republic,,,1956/1/1
Czech Republic,,,1957/1/1
Czech Republic,,,1958/1/1
Czech Republic,,,1959/1/1
Czech Republic,,,1960/1/1
Czech Republic,,,1961/1/1
Czech Republic,,,1962/1/1
Czech Republic,,,1963/1/1
Czech Republic,,,1964/1/1
Czech Republic,,,1965/1/1
Czech Republic,,,1966/1/1
Czech Republic,,,1967/1/1
Czech Republic,,,1968/1/1
Czech Republic,,,1969/1/1
Czech Republic,,,1970/1/1
Czech Republic,,,1971/1/1
Czech Republic,,,1972/1/1
Czech Republic,,,1973/1/1
Czech Republic,,,1974/1/1
Czech Republic,,,1975/1/1
Czech Republic,,,1976/1/1
Czech Republic,,,1977/1/1
Czech Republic,,,1978/1/1
Czech Republic,,,1979/1/1
Czech Republic,,,1980/1/1
Czech Republic,,,1981/1/1
Czech Republic,,,1982/1/1
Czech Republic,,,1983/1/1
Czech Republic,,,1984/1/1
Czech Republic,,,1985/1/1
Czech Republic,,,1986/1/1
Czech Republic,,,1987/1/1
Czech Republic,,,1988/1/1
Czech Republic,,,1989/1/1
Czech Republic,,,1990/1/1
Czech Republic,,,1991/1/1
Czech Republic,,,1992/1/1
Czech Republic,,14465,1993/1/1
Czech Republic,,15940,1994/1/1
Czech Republic,,21335,1995/1/1
Czech Republic,,22165,1996/1/1
Czech Republic,,22360,1997/1/1
Czech Republic,,25855,1998/1/1
Czech Republic,,26556,1999/1/1
Czech Republic,,29094,2000/1/1
Czech Republic,,33324,2001/1/1
Czech Republic,,38492,2002/1/1
Czech Republic,,48702,2003/1/1
Czech Republic,,68986,2004/1/1
Czech Republic,,78110,2005/1/1
Czech Republic,,94929,2006/1/1
Czech Republic,,122498,2007/1/1
Czech Republic,,146799,2008/1/1
Czech Republic,,112955,2009/1/1
Czech Republic,,132982,2010/1/1
Czech Republic,,162939,2011/1/1
Czech Republic,,157041,2012/1/1
Czech Republic,,162274,2013/1/1
Czech Republic,,175021,2014/1/1
Czech Republic,,157878,2015/1/1
Czech Republic,,162692,2016/1/1
Czech Republic,,182142,2017/1/1
Czech Republic,,202238,2018/1/1
Czech Republic,,199128,2019/1/1
Czech Republic,,191685,2020/1/1
France,,2012,1948/1/1
France,,2781,1949/1/1
France,,3082,1950/1/1
France,,4241,1951/1/1
France,,4046,1952/1/1
France,,4019,1953/1/1
France,,4313,1954/1/1
France,,4960,1955/1/1
France,,4641,1956/1/1
France,,5223,1957/1/1
France,,5129,1958/1/1
France,,5621,1959/1/1
France,,6866,1960/1/1
France,,7224,1961/1/1
France,,7411,1962/1/1
France,,8204,1963/1/1
France,,9106,1964/1/1
France,,10176,1965/1/1
France,,10982,1966/1/1
France,,11547,1967/1/1
France,,12903,1968/1/1
France,,15194,1969/1/1
France,,18099,1970/1/1
France,,20811,1971/1/1
France,,26449,1972/1/1
France,,36669,1973/1/1
France,,46259,1974/1/1
France,,53100,1975/1/1
France,,56874,1976/1/1
France,,65130,1977/1/1
France,,79371,1978/1/1
France,,100692,1979/1/1
France,,116030,1980/1/1
France,,106424,1981/1/1
France,,96694,1982/1/1
France,,94943,1983/1/1
France,,97566,1984/1/1
France,,101674,1985/1/1
France,,124948,1986/1/1
France,,148382,1987/1/1
France,,167787,1988/1/1
France,,179397,1989/1/1
France,,216588,1990/1/1
France,,217100,1991/1/1
France,,235871,1992/1/1
France,,221619,1993/1/1
France,,250571,1994/1/1
France,,301162,1995/1/1
France,,305509,1996/1/1
France,,302144,1997/1/1
France,,320631,1998/1/1
France,,325526,1999/1/1
France,,327611,2000/1/1
France,,323379,2001/1/1
France,,331719,2002/1/1
France,,392039,2003/1/1
France,,452106,2004/1/1
France,,463428,2005/1/1
France,,495868,2006/1/1
France,,559612,2007/1/1
France,,616240,2008/1/1
France,,484781,2009/1/1
France,,523767,2010/1/1
France,,596473,2011/1/1
France,,568708,2012/1/1
France,,580963,2013/1/1
France,,581393,2014/1/1
France,,506264,2015/1/1
France,,501179,2016/1/1
France,,535298,2017/1/1
France,,582222,2018/1/1
France,,570951,2019/1/1
France,,488345,2020/1/1
Germany,,791,1948/1/1
Germany,,985,1949/1/1
Germany,,1993,1950/1/1
Germany,,3475,1951/1/1
Germany,,4031,1952/1/1
Germany,,4411,1953/1/1
Germany,,5246,1954/1/1
Germany,,6124,1955/1/1
Germany,,7348,1956/1/1
Germany,,8564,1957/1/1
Germany,,8810,1958/1/1
Germany,,9807,1959/1/1
Germany,,11416,1960/1/1
Germany,,12651,1961/1/1
Germany,,13244,1962/1/1
Germany,,14578,1963/1/1
Germany,,16230,1964/1/1
Germany,,17913,1965/1/1
Germany,,20157,1966/1/1
Germany,,21761,1967/1/1
Germany,,24888,1968/1/1
Germany,,28852,1969/1/1
Germany,,34228,1970/1/1
Germany,,38845,1971/1/1
Germany,,46737,1972/1/1
Germany,,67563,1973/1/1
Germany,,89368,1974/1/1
Germany,,90176,1975/1/1
Germany,,102162,1976/1/1
Germany,,118072,1977/1/1
Germany,,142453,1978/1/1
Germany,,171804,1979/1/1
Germany,,192860,1980/1/1
Germany,,176047,1981/1/1
Germany,,176424,1982/1/1
Germany,,169417,1983/1/1
Germany,,171735,1984/1/1
Germany,,183933,1985/1/1
Germany,,243326,1986/1/1
Germany,,294369,1987/1/1
Germany,,323323,1988/1/1
Germany,,341231,1989/1/1
Germany,,421100,1990/1/1
Germany,,402843,1991/1/1
Germany,,430042,1992/1/1
Germany,,380096,1993/1/1
Germany,,426935,1994/1/1
Germany,,523461,1995/1/1
Germany,,524649,1996/1/1
Germany,,512891,1997/1/1
Germany,,543752,1998/1/1
Germany,,543539,1999/1/1
Germany,,551810,2000/1/1
Germany,,571645,2001/1/1
Germany,,615831,2002/1/1
Germany,,751560,2003/1/1
Germany,,909887,2004/1/1
Germany,,970914,2005/1/1
Germany,,1108107,2006/1/1
Germany,,1321214,2007/1/1
Germany,,1446171,2008/1/1
Germany,,1120041,2009/1/1
Germany,,1258924,2010/1/1
Germany,,1473985,2011/1/1
Germany,,1401113,2012/1/1
Germany,,1445067,2013/1/1
Germany,,1494214,2014/1/1
Germany,,1326206,2015/1/1
Germany,,1334355,2016/1/1
Germany,,1448191,2017/1/1
Germany,,1560539,2018/1/1
Germany,,1489412,2019/1/1
Germany,,1380000,2020/1/1
"Hong Kong, China",,399,1948/1/1
"Hong Kong, China",,526,1949/1/1
"Hong Kong, China",,650,1950/1/1
"Hong Kong, China",,776,1951/1/1
"Hong Kong, China",,507,1952/1/1
"Hong Kong, China",,478,1953/1/1
"Hong Kong, China",,423,1954/1/1
"Hong Kong, China",,443,1955/1/1
"Hong Kong, China",,562,1956/1/1
"Hong Kong, China",,528,1957/1/1
"Hong Kong, China",,523,1958/1/1
"Hong Kong, China",,574,1959/1/1
"Hong Kong, China",,689,1960/1/1
"Hong Kong, China",,688,1961/1/1
"Hong Kong, China",,768,1962/1/1
"Hong Kong, China",,873,1963/1/1
"Hong Kong, China",,1012,1964/1/1
"Hong Kong, China",,1143,1965/1/1
"Hong Kong, China",,1324,1966/1/1
"Hong Kong, China",,1527,1967/1/1
"Hong Kong, China",,1744,1968/1/1
"Hong Kong, China",,2177,1969/1/1
"Hong Kong, China",,2515,1970/1/1
"Hong Kong, China",,2875,1971/1/1
"Hong Kong, China",,3436,1972/1/1
"Hong Kong, China",,5071,1973/1/1
"Hong Kong, China",,5968,1974/1/1
"Hong Kong, China",,6026,1975/1/1
"Hong Kong, China",,8484,1976/1/1
"Hong Kong, China",,9616,1977/1/1
"Hong Kong, China",,11453,1978/1/1
"Hong Kong, China",,15140,1979/1/1
"Hong Kong, China",,20323,1980/1/1
"Hong Kong, China",,21775,1981/1/1
"Hong Kong, China",,21343,1982/1/1
"Hong Kong, China",,22454,1983/1/1
"Hong Kong, China",,28337,1984/1/1
"Hong Kong, China",,30077,1985/1/1
"Hong Kong, China",,36081,1986/1/1
"Hong Kong, China",,48712,1987/1/1
"Hong Kong, China",,63493,1988/1/1
"Hong Kong, China",,73336,1989/1/1
"Hong Kong, China",,82390,1990/1/1
"Hong Kong, China",,98659,1991/1/1
"Hong Kong, China",,119586,1992/1/1
"Hong Kong, China",,135385,1993/1/1
"Hong Kong, China",,151465,1994/1/1
"Hong Kong, China",,173871,1995/1/1
"Hong Kong, China",,180914,1996/1/1
"Hong Kong, China",,188195,1997/1/1
"Hong Kong, China",,174864,1998/1/1
"Hong Kong, China",,174403,1999/1/1
"Hong Kong, China",,202683,2000/1/1
"Hong Kong, China",,191066,2001/1/1
"Hong Kong, China",,201928,2002/1/1
"Hong Kong, China",,228708,2003/1/1
"Hong Kong, China",,265543,2004/1/1
"Hong Kong, China",,292119,2005/1/1
"Hong Kong, China",,322669,2006/1/1
"Hong Kong, China",,349386,2007/1/1
"Hong Kong, China",,370242,2008/1/1
"Hong Kong, China",,329422,2009/1/1
"Hong Kong, China",,400692,2010/1/1
"Hong Kong, China",,455573,2011/1/1
"Hong Kong, China",,492907,2012/1/1
"Hong Kong, China",,535546,2013/1/1
"Hong Kong, China",,524130,2014/1/1
"Hong Kong, China",,510486,2015/1/1
"Hong Kong, China",,516635,2016/1/1
"Hong Kong, China",,549865,2017/1/1
"Hong Kong, China",,568456,2018/1/1
"Hong Kong, China",,534887,2019/1/1
"Hong Kong, China",,548773,2020/1/1
Hungary,,253,1948/1/1
Hungary,,387,1949/1/1
Hungary,,329,1950/1/1
Hungary,,396,1951/1/1
Hungary,,438,1952/1/1
Hungary,,498,1953/1/1
Hungary,,519,1954/1/1
Hungary,,601,1955/1/1
Hungary,,487,1956/1/1
Hungary,,488,1957/1/1
Hungary,,684,1958/1/1
Hungary,,770,1959/1/1
Hungary,,874,1960/1/1
Hungary,,1029,1961/1/1
Hungary,,1100,1962/1/1
Hungary,,1206,1963/1/1
Hungary,,1352,1964/1/1
Hungary,,1510,1965/1/1
Hungary,,1594,1966/1/1
Hungary,,1702,1967/1/1
Hungary,,1790,1968/1/1
Hungary,,2084,1969/1/1
Hungary,,2317,1970/1/1
Hungary,,2500,1971/1/1
Hungary,,3292,1972/1/1
Hungary,,4433,1973/1/1
Hungary,,5130,1974/1/1
Hungary,,6091,1975/1/1
Hungary,,4934,1976/1/1
Hungary,,5832,1977/1/1
Hungary,,6408,1978/1/1
Hungary,,7930,1979/1/1
Hungary,,8610,1980/1/1
Hungary,,8730,1981/1/1
Hungary,,8860,1982/1/1
Hungary,,8770,1983/1/1
Hungary,,8620,1984/1/1
Hungary,,8470,1985/1/1
Hungary,,9170,1986/1/1
Hungary,,9580,1987/1/1
Hungary,,10000,1988/1/1
Hungary,,9670,1989/1/1
Hungary,,10000,1990/1/1
Hungary,,10185,1991/1/1
Hungary,,10705,1992/1/1
Hungary,,8905,1993/1/1
Hungary,,10700,1994/1/1
Hungary,,12865,1995/1/1
Hungary,,15705,1996/1/1
Hungary,,19100,1997/1/1
Hungary,,23005,1998/1/1
Hungary,,25032,1999/1/1
Hungary,,28192,2000/1/1
Hungary,,30436,2001/1/1
Hungary,,34517,2002/1/1
Hungary,,43094,2003/1/1
Hungary,,55567,2004/1/1
Hungary,,62936,2005/1/1
Hungary,,75255,2006/1/1
Hungary,,95400,2007/1/1
Hungary,,108504,2008/1/1
Hungary,,83008,2009/1/1
Hungary,,95483,2010/1/1
Hungary,,112312,2011/1/1
Hungary,,103570,2012/1/1
Hungary,,107503,2013/1/1
Hungary,,110622,2014/1/1
Hungary,,98524,2015/1/1
Hungary,,101919,2016/1/1
Hungary,,113806,2017/1/1
Hungary,,124705,2018/1/1
Hungary,,123796,2019/1/1
Hungary,,120365,2020/1/1
India,,1295,1948/1/1
India,,1197,1949/1/1
India,,1145,1950/1/1
India,,1602,1951/1/1
India,,1243,1952/1/1
India,,1101,1953/1/1
India,,1169,1954/1/1
India,,1263,1955/1/1
India,,1257,1956/1/1
India,,1380,1957/1/1
India,,1216,1958/1/1
India,,1323,1959/1/1
India,,1332,1960/1/1
India,,1386,1961/1/1
India,,1403,1962/1/1
India,,1626,1963/1/1
India,,1705,1964/1/1
India,,1687,1965/1/1
India,,1954,1966/1/1
India,,1613,1967/1/1
India,,1761,1968/1/1
India,,1835,1969/1/1
India,,2026,1970/1/1
India,,2036,1971/1/1
India,,2448,1972/1/1
India,,2917,1973/1/1
India,,3926,1974/1/1
India,,4355,1975/1/1
India,,5549,1976/1/1
India,,6378,1977/1/1
India,,6671,1978/1/1
India,,7806,1979/1/1
India,,8586,1980/1/1
India,,8295,1981/1/1
India,,9358,1982/1/1
India,,9148,1983/1/1
India,,9451,1984/1/1
India,,9140,1985/1/1
India,,9399,1986/1/1
India,,11298,1987/1/1
India,,13234,1988/1/1
India,,15872,1989/1/1
India,,17969,1990/1/1
India,,17727,1991/1/1
India,,19628,1992/1/1
India,,21572,1993/1/1
India,,25022,1994/1/1
India,,30630,1995/1/1
India,,33105,1996/1/1
India,,35008,1997/1/1
India,,33437,1998/1/1
India,,35667,1999/1/1
India,,42379,2000/1/1
India,,43361,2001/1/1
India,,49250,2002/1/1
India,,58963,2003/1/1
India,,76649,2004/1/1
India,,99616,2005/1/1
India,,121808,2006/1/1
India,,150159,2007/1/1
India,,194828,2008/1/1
India,,164909,2009/1/1
India,,226351,2010/1/1
India,,302905,2011/1/1
India,,296828,2012/1/1
India,,314848,2013/1/1
India,,322694,2014/1/1
India,,267951,2015/1/1
India,,264542,2016/1/1
India,,299241,2017/1/1
India,,324778,2018/1/1
India,,324340,2019/1/1
India,,276227,2020/1/1
Indonesia,,394,1948/1/1
Indonesia,,527,1949/1/1
Indonesia,,800,1950/1/1
Indonesia,,1292,1951/1/1
Indonesia,,934,1952/1/1
Indonesia,,840,1953/1/1
Indonesia,,867,1954/1/1
Indonesia,,946,1955/1/1
Indonesia,,925,1956/1/1
Indonesia,,955,1957/1/1
Indonesia,,791,1958/1/1
Indonesia,,931,1959/1/1
Indonesia,,841,1960/1/1
Indonesia,,784,1961/1/1
Indonesia,,682,1962/1/1
Indonesia,,696,1963/1/1
Indonesia,,724,1964/1/1
Indonesia,,708,1965/1/1
Indonesia,,679,1966/1/1
Indonesia,,665,1967/1/1
Indonesia,,731,1968/1/1
Indonesia,,854,1969/1/1
Indonesia,,1108,1970/1/1
Indonesia,,1234,1971/1/1
Indonesia,,1777,1972/1/1
Indonesia,,3211,1973/1/1
Indonesia,,7426,1974/1/1
Indonesia,,7102,1975/1/1
Indonesia,,8547,1976/1/1
Indonesia,,10853,1977/1/1
Indonesia,,11643,1978/1/1
Indonesia,,15591,1979/1/1
Indonesia,,21909,1980/1/1
Indonesia,,22260,1981/1/1
Indonesia,,22293,1982/1/1
Indonesia,,21152,1983/1/1
Indonesia,,21902,1984/1/1
Indonesia,,18590,1985/1/1
Indonesia,,16075,1986/1/1
Indonesia,,17135,1987/1/1
Indonesia,,19465,1988/1/1
Indonesia,,22160,1989/1/1
Indonesia,,25675,1990/1/1
Indonesia,,29142,1991/1/1
Indonesia,,33967,1992/1/1
Indonesia,,36823,1993/1/1
Indonesia,,40055,1994/1/1
Indonesia,,45417,1995/1/1
Indonesia,,49814,1996/1/1
Indonesia,,56298,1997/1/1
Indonesia,,50370,1998/1/1
Indonesia,,51243,1999/1/1
Indonesia,,65403,2000/1/1
Indonesia,,57361,2001/1/1
Indonesia,,59166,2002/1/1
Indonesia,,64108,2003/1/1
Indonesia,,70767,2004/1/1
Indonesia,,86996,2005/1/1
Indonesia,,103527,2006/1/1
Indonesia,,118013,2007/1/1
Indonesia,,139606,2008/1/1
Indonesia,,119646,2009/1/1
Indonesia,,157779,2010/1/1
Indonesia,,203497,2011/1/1
Indonesia,,190032,2012/1/1
Indonesia,,182552,2013/1/1
Indonesia,,176293,2014/1/1
Indonesia,,150366,2015/1/1
Indonesia,,144490,2016/1/1
Indonesia,,168811,2017/1/1
Indonesia,,180215,2018/1/1
Indonesia,,167683,2019/1/1
Indonesia,,163306,2020/1/1
Ireland,,199,1948/1/1
Ireland,,226,1949/1/1
Ireland,,203,1950/1/1
Ireland,,228,1951/1/1
Ireland,,284,1952/1/1
Ireland,,319,1953/1/1
Ireland,,322,1954/1/1
Ireland,,309,1955/1/1
Ireland,,303,1956/1/1
Ireland,,368,1957/1/1
Ireland,,368,1958/1/1
Ireland,,366,1959/1/1
Ireland,,427,1960/1/1
Ireland,,505,1961/1/1
Ireland,,488,1962/1/1
Ireland,,549,1963/1/1
Ireland,,549,1964/1/1
Ireland,,618,1965/1/1
Ireland,,684,1966/1/1
Ireland,,790,1967/1/1
Ireland,,798,1968/1/1
Ireland,,891,1969/1/1
Ireland,,1120,1970/1/1
Ireland,,1312,1971/1/1
Ireland,,1607,1972/1/1
Ireland,,2131,1973/1/1
Ireland,,2658,1974/1/1
Ireland,,3192,1975/1/1
Ireland,,3315,1976/1/1
Ireland,,4404,1977/1/1
Ireland,,5691,1978/1/1
Ireland,,7143,1979/1/1
Ireland,,8398,1980/1/1
Ireland,,7678,1981/1/1
Ireland,,8063,1982/1/1
Ireland,,8592,1983/1/1
Ireland,,9642,1984/1/1
Ireland,,10358,1985/1/1
Ireland,,12658,1986/1/1
Ireland,,15999,1987/1/1
Ireland,,18723,1988/1/1
Ireland,,20667,1989/1/1
Ireland,,23743,1990/1/1
Ireland,,24224,1991/1/1
Ireland,,28331,1992/1/1
Ireland,,28992,1993/1/1
Ireland,,33996,1994/1/1
Ireland,,44705,1995/1/1
Ireland,,48339,1996/1/1
Ireland,,53348,1997/1/1
Ireland,,64330,1998/1/1
Ireland,,71239,1999/1/1
Ireland,,77413,2000/1/1
Ireland,,82835,2001/1/1
Ireland,,88265,2002/1/1
Ireland,,92755,2003/1/1
Ireland,,104788,2004/1/1
Ireland,,109657,2005/1/1
Ireland,,108726,2006/1/1
Ireland,,121543,2007/1/1
Ireland,,125719,2008/1/1
Ireland,,115928,2009/1/1
Ireland,,116497,2010/1/1
Ireland,,125740,2011/1/1
Ireland,,116773,2012/1/1
Ireland,,116637,2013/1/1
Ireland,,121057,2014/1/1
Ireland,,123361,2015/1/1
Ireland,,130864,2016/1/1
Ireland,,137359,2017/1/1
Ireland,,164794,2018/1/1
Ireland,,169583,2019/1/1
Ireland,,178732,2020/1/1
Japan,,258,1948/1/1
Japan,,510,1949/1/1
Japan,,825,1950/1/1
Japan,,1351,1951/1/1
Japan,,1269,1952/1/1
Japan,,1275,1953/1/1
Japan,,1629,1954/1/1
Japan,,2011,1955/1/1
Japan,,2501,1956/1/1
Japan,,2858,1957/1/1
Japan,,2873,1958/1/1
Japan,,3456,1959/1/1
Japan,,4055,1960/1/1
Japan,,4236,1961/1/1
Japan,,4916,1962/1/1
Japan,,5452,1963/1/1
Japan,,6673,1964/1/1
Japan,,8451,1965/1/1
Japan,,9776,1966/1/1
Japan,,10442,1967/1/1
Japan,,12971,1968/1/1
Japan,,15990,1969/1/1
Japan,,19318,1970/1/1
Japan,,23995,1971/1/1
Japan,,29088,1972/1/1
Japan,,37017,1973/1/1
Japan,,55469,1974/1/1
Japan,,55819,1975/1/1
Japan,,67304,1976/1/1
Japan,,81083,1977/1/1
Japan,,98211,1978/1/1
Japan,,102299,1979/1/1
Japan,,130441,1980/1/1
Japan,,151495,1981/1/1
Japan,,138385,1982/1/1
Japan,,146965,1983/1/1
Japan,,169700,1984/1/1
Japan,,177164,1985/1/1
Japan,,210757,1986/1/1
Japan,,231286,1987/1/1
Japan,,264856,1988/1/1
Japan,,273932,1989/1/1
Japan,,287581,1990/1/1
Japan,,314786,1991/1/1
Japan,,339885,1992/1/1
Japan,,362244,1993/1/1
Japan,,397005,1994/1/1
Japan,,443116,1995/1/1
Japan,,410901,1996/1/1
Japan,,420957,1997/1/1
Japan,,387927,1998/1/1
Japan,,417610,1999/1/1
Japan,,479249,2000/1/1
Japan,,403496,2001/1/1
Japan,,416726,2002/1/1
Japan,,471817,2003/1/1
Japan,,565675,2004/1/1
Japan,,594941,2005/1/1
Japan,,646725,2006/1/1
Japan,,714327,2007/1/1
Japan,,781412,2008/1/1
Japan,,580719,2009/1/1
Japan,,769774,2010/1/1
Japan,,823184,2011/1/1
Japan,,798568,2012/1/1
Japan,,715097,2013/1/1
Japan,,690203,2014/1/1
Japan,,624921,2015/1/1
Japan,,645052,2016/1/1
Japan,,698329,2017/1/1
Japan,,738143,2018/1/1
Japan,,705564,2019/1/1
Japan,,641376,2020/1/1
Korea,,19,1948/1/1
Korea,,14,1949/1/1
Korea,,23,1950/1/1
Korea,,11,1951/1/1
Korea,,28,1952/1/1
Korea,,40,1953/1/1
Korea,,24,1954/1/1
Korea,,18,1955/1/1
Korea,,25,1956/1/1
Korea,,23,1957/1/1
Korea,,14,1958/1/1
Korea,,20,1959/1/1
Korea,,32,1960/1/1
Korea,,41,1961/1/1
Korea,,56,1962/1/1
Korea,,87,1963/1/1
Korea,,118,1964/1/1
Korea,,173,1965/1/1
Korea,,251,1966/1/1
Korea,,321,1967/1/1
Korea,,457,1968/1/1
Korea,,624,1969/1/1
Korea,,836,1970/1/1
Korea,,1067,1971/1/1
Korea,,1625,1972/1/1
Korea,,3221,1973/1/1
Korea,,4462,1974/1/1
Korea,,4945,1975/1/1
Korea,,7716,1976/1/1
Korea,,10048,1977/1/1
Korea,,12722,1978/1/1
Korea,,15057,1979/1/1
Korea,,17512,1980/1/1
Korea,,21268,1981/1/1
Korea,,21853,1982/1/1
Korea,,24446,1983/1/1
Korea,,29245,1984/1/1
Korea,,30282,1985/1/1
Korea,,34715,1986/1/1
Korea,,47281,1987/1/1
Korea,,60696,1988/1/1
Korea,,62377,1989/1/1
Korea,,65016,1990/1/1
Korea,,71870,1991/1/1
Korea,,76632,1992/1/1
Korea,,82236,1993/1/1
Korea,,96013,1994/1/1
Korea,,125058,1995/1/1
Korea,,129715,1996/1/1
Korea,,136164,1997/1/1
Korea,,132313,1998/1/1
Korea,,143685,1999/1/1
Korea,,172268,2000/1/1
Korea,,150439,2001/1/1
Korea,,162471,2002/1/1
Korea,,193817,2003/1/1
Korea,,253845,2004/1/1
Korea,,284419,2005/1/1
Korea,,325465,2006/1/1
Korea,,371489,2007/1/1
Korea,,422007,2008/1/1
Korea,,363534,2009/1/1
Korea,,466384,2010/1/1
Korea,,555214,2011/1/1
Korea,,547870,2012/1/1
Korea,,559632,2013/1/1
Korea,,573091,2014/1/1
Korea,,526757,2015/1/1
Korea,,495426,2016/1/1
Korea,,573694,2017/1/1
Korea,,604860,2018/1/1
Korea,,542233,2019/1/1
Korea,,512498,2020/1/1
Malaysia,,621,1948/1/1
Malaysia,,594,1949/1/1
Malaysia,,1004,1950/1/1
Malaysia,,1308,1951/1/1
Malaysia,,861,1952/1/1
Malaysia,,679,1953/1/1
Malaysia,,694,1954/1/1
Malaysia,,963,1955/1/1
Malaysia,,936,1956/1/1
Malaysia,,913,1957/1/1
Malaysia,,808,1958/1/1
Malaysia,,1039,1959/1/1
Malaysia,,1187,1960/1/1
Malaysia,,1058,1961/1/1
Malaysia,,1065,1962/1/1
Malaysia,,1088,1963/1/1
Malaysia,,1105,1964/1/1
Malaysia,,1236,1965/1/1
Malaysia,,1256,1966/1/1
Malaysia,,1217,1967/1/1
Malaysia,,1347,1968/1/1
Malaysia,,1651,1969/1/1
Malaysia,,1687,1970/1/1
Malaysia,,1644,1971/1/1
Malaysia,,1722,1972/1/1
Malaysia,,3049,1973/1/1
Malaysia,,4236,1974/1/1
Malaysia,,3843,1975/1/1
Malaysia,,5295,1976/1/1
Malaysia,,6079,1977/1/1
Malaysia,,7404,1978/1/1
Malaysia,,11079,1979/1/1
Malaysia,,12945,1980/1/1
Malaysia,,11770,1981/1/1
Malaysia,,12030,1982/1/1
Malaysia,,14104,1983/1/1
Malaysia,,16483,1984/1/1
Malaysia,,15316,1985/1/1
Malaysia,,13690,1986/1/1
Malaysia,,17958,1987/1/1
Malaysia,,21082,1988/1/1
Malaysia,,25047,1989/1/1
Malaysia,,29452,1990/1/1
Malaysia,,34350,1991/1/1
Malaysia,,40771,1992/1/1
Malaysia,,47131,1993/1/1
Malaysia,,58845,1994/1/1
Malaysia,,73915,1995/1/1
Malaysia,,78327,1996/1/1
Malaysia,,78736,1997/1/1
Malaysia,,73256,1998/1/1
Malaysia,,84621,1999/1/1
Malaysia,,98229,2000/1/1
Malaysia,,87969,2001/1/1
Malaysia,,94061,2002/1/1
Malaysia,,104706,2003/1/1
Malaysia,,126646,2004/1/1
Malaysia,,141626,2005/1/1
Malaysia,,160749,2006/1/1
Malaysia,,175966,2007/1/1
Malaysia,,199414,2008/1/1
Malaysia,,157244,2009/1/1
Malaysia,,198612,2010/1/1
Malaysia,,228086,2011/1/1
Malaysia,,227538,2012/1/1
Malaysia,,228331,2013/1/1
Malaysia,,233927,2014/1/1
Malaysia,,199952,2015/1/1
Malaysia,,189743,2016/1/1
Malaysia,,218130,2017/1/1
Malaysia,,247455,2018/1/1
Malaysia,,238195,2019/1/1
Malaysia,,234129,2020/1/1
Mexico,,555,1948/1/1
Mexico,,428,1949/1/1
Mexico,,532,1950/1/1
Mexico,,644,1951/1/1
Mexico,,665,1952/1/1
Mexico,,591,1953/1/1
Mexico,,659,1954/1/1
Mexico,,785,1955/1/1
Mexico,,834,1956/1/1
Mexico,,735,1957/1/1
Mexico,,736,1958/1/1
Mexico,,753,1959/1/1
Mexico,,764,1960/1/1
Mexico,,826,1961/1/1
Mexico,,930,1962/1/1
Mexico,,985,1963/1/1
Mexico,,1054,1964/1/1
Mexico,,1145,1965/1/1
Mexico,,1199,1966/1/1
Mexico,,1145,1967/1/1
Mexico,,1254,1968/1/1
Mexico,,1430,1969/1/1
Mexico,,1402,1970/1/1
Mexico,,1504,1971/1/1
Mexico,,1694,1972/1/1
Mexico,,2250,1973/1/1
Mexico,,2958,1974/1/1
Mexico,,2904,1975/1/1
Mexico,,3417,1976/1/1
Mexico,,4167,1977/1/1
Mexico,,6005,1978/1/1
Mexico,,8982,1979/1/1
Mexico,,18031,1980/1/1
Mexico,,23307,1981/1/1
Mexico,,24055,1982/1/1
Mexico,,25953,1983/1/1
Mexico,,29101,1984/1/1
Mexico,,26757,1985/1/1
Mexico,,21804,1986/1/1
Mexico,,27600,1987/1/1
Mexico,,30691,1988/1/1
Mexico,,35171,1989/1/1
Mexico,,40711,1990/1/1
Mexico,,42688,1991/1/1
Mexico,,46196,1992/1/1
Mexico,,51886,1993/1/1
Mexico,,60882,1994/1/1
Mexico,,79542,1995/1/1
Mexico,,96000,1996/1/1
Mexico,,110431,1997/1/1
Mexico,,117460,1998/1/1
Mexico,,136391,1999/1/1
Mexico,,166367,2000/1/1
Mexico,,158547,2001/1/1
Mexico,,160682,2002/1/1
Mexico,,165396,2003/1/1
Mexico,,187980,2004/1/1
Mexico,,214207,2005/1/1
Mexico,,249961,2006/1/1
Mexico,,271821,2007/1/1
Mexico,,291265,2008/1/1
Mexico,,229712,2009/1/1
Mexico,,298305,2010/1/1
Mexico,,349569,2011/1/1
Mexico,,370770,2012/1/1
Mexico,,380015,2013/1/1
Mexico,,396912,2014/1/1
Mexico,,380550,2015/1/1
Mexico,,373948,2016/1/1
Mexico,,409433,2017/1/1
Mexico,,450713,2018/1/1
Mexico,,460704,2019/1/1
Mexico,,417670,2020/1/1
Middle East,,1160,1948/1/1
Middle East,,1480,1949/1/1
Middle East,,1810,1950/1/1
Middle East,,2110,1951/1/1
Middle East,,2000,1952/1/1
Middle East,,2270,1953/1/1
Middle East,,2600,1954/1/1
Middle East,,2910,1955/1/1
Middle East,,3530,1956/1/1
Middle East,,3160,1957/1/1
Middle East,,3800,1958/1/1
Middle East,,3790,1959/1/1
Middle East,,3890,1960/1/1
Middle East,,4180,1961/1/1
Middle East,,4630,1962/1/1
Middle East,,5060,1963/1/1
Middle East,,5730,1964/1/1
Middle East,,6190,1965/1/1
Middle East,,6760,1966/1/1
Middle East,,7030,1967/1/1
Middle East,,7630,1968/1/1
Middle East,,8350,1969/1/1
Middle East,,9890,1970/1/1
Middle East,,14330,1971/1/1
Middle East,,14400,1972/1/1
Middle East,,23660,1973/1/1
Middle East,,76830,1974/1/1
Middle East,,71020,1975/1/1
Middle East,,85420,1976/1/1
Middle East,,92450,1977/1/1
Middle East,,91940,1978/1/1
Middle East,,141420,1979/1/1
Middle East,,212325,1980/1/1
Middle East,,205386,1981/1/1
Middle East,,161568,1982/1/1
Middle East,,123660,1983/1/1
Middle East,,113866,1984/1/1
Middle East,,100383,1985/1/1
Middle East,,69855,1986/1/1
Middle East,,85414,1987/1/1
Middle East,,85669,1988/1/1
Middle East,,108540,1989/1/1
Middle East,,136074,1990/1/1
Middle East,,121629,1991/1/1
Middle East,,133332,1992/1/1
Middle East,,129348,1993/1/1
Middle East,,135303,1994/1/1
Middle East,,150922,1995/1/1
Middle East,,182740,1996/1/1
Middle East,,187277,1997/1/1
Middle East,,144482,1998/1/1
Middle East,,186518,1999/1/1
Middle East,,267812,2000/1/1
Middle East,,239820,2001/1/1
Middle East,,251613,2002/1/1
Middle East,,302344,2003/1/1
Middle East,,400834,2004/1/1
Middle East,,541236,2005/1/1
Middle East,,659499,2006/1/1
Middle East,,766233,2007/1/1
Middle East,,1033626,2008/1/1
Middle East,,722026,2009/1/1
Middle East,,906356,2010/1/1
Middle East,,1267273,2011/1/1
Middle East,,1363634,2012/1/1
Middle East,,1354299,2013/1/1
Middle East,,1266681,2014/1/1
Middle East,,893840,2015/1/1
Middle East,,821197,2016/1/1
Middle East,,941221,2017/1/1
Middle East,,1174578,2018/1/1
Middle East,,1071404,2019/1/1
Middle East,,772457,2020/1/1
Poland,,594,1948/1/1
Poland,,692,1949/1/1
Poland,,630,1950/1/1
Poland,,762,1951/1/1
Poland,,776,1952/1/1
Poland,,831,1953/1/1
Poland,,869,1954/1/1
Poland,,920,1955/1/1
Poland,,985,1956/1/1
Poland,,975,1957/1/1
Poland,,1060,1958/1/1
Poland,,1145,1959/1/1
Poland,,1326,1960/1/1
Poland,,1504,1961/1/1
Poland,,1646,1962/1/1
Poland,,1770,1963/1/1
Poland,,2097,1964/1/1
Poland,,2228,1965/1/1
Poland,,2272,1966/1/1
Poland,,2527,1967/1/1
Poland,,2858,1968/1/1
Poland,,3142,1969/1/1
Poland,,3548,1970/1/1
Poland,,3872,1971/1/1
Poland,,4927,1972/1/1
Poland,,6432,1973/1/1
Poland,,8321,1974/1/1
Poland,,10289,1975/1/1
Poland,,11024,1976/1/1
Poland,,10666,1977/1/1
Poland,,12238,1978/1/1
Poland,,14082,1979/1/1
Poland,,17020,1980/1/1
Poland,,13290,1981/1/1
Poland,,11220,1982/1/1
Poland,,11580,1983/1/1
Poland,,11760,1984/1/1
Poland,,11490,1985/1/1
Poland,,12070,1986/1/1
Poland,,12210,1987/1/1
Poland,,13960,1988/1/1
Poland,,13470,1989/1/1
Poland,,14320,1990/1/1
Poland,,13800,1991/1/1
Poland,,14500,1992/1/1
Poland,,14140,1993/1/1
Poland,,17240,1994/1/1
Poland,,22895,1995/1/1
Poland,,24440,1996/1/1
Poland,,25750,1997/1/1
Poland,,28230,1998/1/1
Poland,,27359,1999/1/1
Poland,,31747,2000/1/1
Poland,,35998,2001/1/1
Poland,,41133,2002/1/1
Poland,,53762,2003/1/1
Poland,,75047,2004/1/1
Poland,,89437,2005/1/1
Poland,,110780,2006/1/1
Poland,,140146,2007/1/1
Poland,,170458,2008/1/1
Poland,,136503,2009/1/1
Poland,,159724,2010/1/1
Poland,,188696,2011/1/1
Poland,,185374,2012/1/1
Poland,,204984,2013/1/1
Poland,,220052,2014/1/1
Poland,,199124,2015/1/1
Poland,,203817,2016/1/1
Poland,,234364,2017/1/1
Poland,,263569,2018/1/1
Poland,,266595,2019/1/1
Poland,,271070,2020/1/1
Russian Federation,,,1948/1/1
Russian Federation,,,1949/1/1
Russian Federation,,,1950/1/1
Russian Federation,,,1951/1/1
Russian Federation,,,1952/1/1
Russian Federation,,,1953/1/1
Russian Federation,,,1954/1/1
Russian Federation,,,1955/1/1
Russian Federation,,,1956/1/1
Russian Federation,,,1957/1/1
Russian Federation,,,1958/1/1
Russian Federation,,,1959/1/1
Russian Federation,,,1960/1/1
Russian Federation,,,1961/1/1
Russian Federation,,,1962/1/1
Russian Federation,,,1963/1/1
Russian Federation,,,1964/1/1
Russian Federation,,,1965/1/1
Russian Federation,,,1966/1/1
Russian Federation,,,1967/1/1
Russian Federation,,,1968/1/1
Russian Federation,,,1969/1/1
Russian Federation,,,1970/1/1
Russian Federation,,,1971/1/1
Russian Federation,,,1972/1/1
Russian Federation,,,1973/1/1
Russian Federation,,,1974/1/1
Russian Federation,,,1975/1/1
Russian Federation,,,1976/1/1
Russian Federation,,,1977/1/1
Russian Federation,,,1978/1/1
Russian Federation,,,1979/1/1
Russian Federation,,,1980/1/1
Russian Federation,,,1981/1/1
Russian Federation,,,1982/1/1
Russian Federation,,,1983/1/1
Russian Federation,,,1984/1/1
Russian Federation,,,1985/1/1
Russian Federation,,,1986/1/1
Russian Federation,,,1987/1/1
Russian Federation,,,1988/1/1
Russian Federation,,,1989/1/1
Russian Federation,,,1990/1/1
Russian Federation,,,1991/1/1
Russian Federation,,42039,1992/1/1
Russian Federation,,44297,1993/1/1
Russian Federation,,67379,1994/1/1
Russian Federation,,82419,1995/1/1
Russian Federation,,89685,1996/1/1
Russian Federation,,86895,1997/1/1
Russian Federation,,74444,1998/1/1
Russian Federation,,75551,1999/1/1
Russian Federation,,105033,2000/1/1
Russian Federation,,101884,2001/1/1
Russian Federation,,107301,2002/1/1
Russian Federation,,135929,2003/1/1
Russian Federation,,183207,2004/1/1
Russian Federation,,243798,2005/1/1
Russian Federation,,303551,2006/1/1
Russian Federation,,354403,2007/1/1
Russian Federation,,471606,2008/1/1
Russian Federation,,303388,2009/1/1
Russian Federation,,400630,2010/1/1
Russian Federation,,522011,2011/1/1
Russian Federation,,529256,2012/1/1
Russian Federation,,521836,2013/1/1
Russian Federation,,496807,2014/1/1
Russian Federation,,341419,2015/1/1
Russian Federation,,281710,2016/1/1
Russian Federation,,352943,2017/1/1
Russian Federation,,443914,2018/1/1
Russian Federation,,419850,2019/1/1
Russian Federation,,331748,2020/1/1
Singapore,,690,1948/1/1
Singapore,,612,1949/1/1
Singapore,,1005,1950/1/1
Singapore,,1576,1951/1/1
Singapore,,1083,1952/1/1
Singapore,,867,1953/1/1
Singapore,,877,1954/1/1
Singapore,,1101,1955/1/1
Singapore,,1120,1956/1/1
Singapore,,1136,1957/1/1
Singapore,,1026,1958/1/1
Singapore,,1124,1959/1/1
Singapore,,1136,1960/1/1
Singapore,,1081,1961/1/1
Singapore,,1116,1962/1/1
Singapore,,1135,1963/1/1
Singapore,,906,1964/1/1
Singapore,,981,1965/1/1
Singapore,,1102,1966/1/1
Singapore,,1140,1967/1/1
Singapore,,1271,1968/1/1
Singapore,,1549,1969/1/1
Singapore,,1554,1970/1/1
Singapore,,1761,1971/1/1
Singapore,,2189,1972/1/1
Singapore,,3653,1973/1/1
Singapore,,5810,1974/1/1
Singapore,,5376,1975/1/1
Singapore,,6585,1976/1/1
Singapore,,8241,1977/1/1
Singapore,,10134,1978/1/1
Singapore,,14233,1979/1/1
Singapore,,19376,1980/1/1
Singapore,,20967,1981/1/1
Singapore,,20787,1982/1/1
Singapore,,21833,1983/1/1
Singapore,,24070,1984/1/1
Singapore,,22812,1985/1/1
Singapore,,22495,1986/1/1
Singapore,,28687,1987/1/1
Singapore,,39306,1988/1/1
Singapore,,44665,1989/1/1
Singapore,,52730,1990/1/1
Singapore,,58966,1991/1/1
Singapore,,63472,1992/1/1
Singapore,,74012,1993/1/1
Singapore,,96825,1994/1/1
Singapore,,118268,1995/1/1
Singapore,,125014,1996/1/1
Singapore,,124985,1997/1/1
Singapore,,109895,1998/1/1
Singapore,,114680,1999/1/1
Singapore,,137804,2000/1/1
Singapore,,121751,2001/1/1
Singapore,,125177,2002/1/1
Singapore,,159902,2003/1/1
Singapore,,198637,2004/1/1
Singapore,,229649,2005/1/1
Singapore,,271807,2006/1/1
Singapore,,299308,2007/1/1
Singapore,,338176,2008/1/1
Singapore,,269832,2009/1/1
Singapore,,351867,2010/1/1
Singapore,,409503,2011/1/1
Singapore,,408393,2012/1/1
Singapore,,410250,2013/1/1
Singapore,,415378,2014/1/1
Singapore,,351587,2015/1/1
Singapore,,330481,2016/1/1
Singapore,,373446,2017/1/1
Singapore,,412955,2018/1/1
Singapore,,390763,2019/1/1
Singapore,,362534,2020/1/1
Spain,,373,1948/1/1
Spain,,403,1949/1/1
Spain,,389,1950/1/1
Spain,,482,1951/1/1
Spain,,458,1952/1/1
Spain,,482,1953/1/1
Spain,,464,1954/1/1
Spain,,446,1955/1/1
Spain,,442,1956/1/1
Spain,,476,1957/1/1
Spain,,486,1958/1/1
Spain,,501,1959/1/1
Spain,,725,1960/1/1
Spain,,710,1961/1/1
Spain,,737,1962/1/1
Spain,,735,1963/1/1
Spain,,920,1964/1/1
Spain,,935,1965/1/1
Spain,,1254,1966/1/1
Spain,,1362,1967/1/1
Spain,,1589,1968/1/1
Spain,,1900,1969/1/1
Spain,,2388,1970/1/1
Spain,,2964,1971/1/1
Spain,,3817,1972/1/1
Spain,,5198,1973/1/1
Spain,,7091,1974/1/1
Spain,,7690,1975/1/1
Spain,,8730,1976/1/1
Spain,,10223,1977/1/1
Spain,,13114,1978/1/1
Spain,,18208,1979/1/1
Spain,,20720,1980/1/1
Spain,,20334,1981/1/1
Spain,,20498,1982/1/1
Spain,,19734,1983/1/1
Spain,,23508,1984/1/1
Spain,,24247,1985/1/1
Spain,,27206,1986/1/1
Spain,,34192,1987/1/1
Spain,,40341,1988/1/1
Spain,,44492,1989/1/1
Spain,,55642,1990/1/1
Spain,,60177,1991/1/1
Spain,,64334,1992/1/1
Spain,,64603,1993/1/1
Spain,,76696,1994/1/1
Spain,,97849,1995/1/1
Spain,,107243,1996/1/1
Spain,,100756,1997/1/1
Spain,,111973,1998/1/1
Spain,,104433,1999/1/1
Spain,,115251,2000/1/1
Spain,,116660,2001/1/1
Spain,,125687,2002/1/1
Spain,,156147,2003/1/1
Spain,,182623,2004/1/1
Spain,,192644,2005/1/1
Spain,,213717,2006/1/1
Spain,,253297,2007/1/1
Spain,,281493,2008/1/1
Spain,,227338,2009/1/1
Spain,,254418,2010/1/1
Spain,,306551,2011/1/1
Spain,,295250,2012/1/1
Spain,,317833,2013/1/1
Spain,,324533,2014/1/1
Spain,,282274,2015/1/1
Spain,,289981,2016/1/1
Spain,,319531,2017/1/1
Spain,,346754,2018/1/1
Spain,,334018,2019/1/1
Spain,,306995,2020/1/1
Chinese Taipei,,17,1948/1/1
Chinese Taipei,,17,1949/1/1
Chinese Taipei,,73,1950/1/1
Chinese Taipei,,98,1951/1/1
Chinese Taipei,,117,1952/1/1
Chinese Taipei,,128,1953/1/1
Chinese Taipei,,93,1954/1/1
Chinese Taipei,,123,1955/1/1
Chinese Taipei,,119,1956/1/1
Chinese Taipei,,143,1957/1/1
Chinese Taipei,,156,1958/1/1
Chinese Taipei,,156,1959/1/1
Chinese Taipei,,164,1960/1/1
Chinese Taipei,,201,1961/1/1
Chinese Taipei,,221,1962/1/1
Chinese Taipei,,332,1963/1/1
Chinese Taipei,,434,1964/1/1
Chinese Taipei,,450,1965/1/1
Chinese Taipei,,537,1966/1/1
Chinese Taipei,,641,1967/1/1
Chinese Taipei,,802,1968/1/1
Chinese Taipei,,1049,1969/1/1
Chinese Taipei,,1428,1970/1/1
Chinese Taipei,,1998,1971/1/1
Chinese Taipei,,2914,1972/1/1
Chinese Taipei,,4383,1973/1/1
Chinese Taipei,,5518,1974/1/1
Chinese Taipei,,5302,1975/1/1
Chinese Taipei,,8155,1976/1/1
Chinese Taipei,,9349,1977/1/1
Chinese Taipei,,12682,1978/1/1
Chinese Taipei,,16081,1979/1/1
Chinese Taipei,,19842,1980/1/1
Chinese Taipei,,22593,1981/1/1
Chinese Taipei,,22182,1982/1/1
Chinese Taipei,,25179,1983/1/1
Chinese Taipei,,30547,1984/1/1
Chinese Taipei,,30784,1985/1/1
Chinese Taipei,,39897,1986/1/1
Chinese Taipei,,53875,1987/1/1
Chinese Taipei,,60695,1988/1/1
Chinese Taipei,,66317,1989/1/1
Chinese Taipei,,67245,1990/1/1
Chinese Taipei,,76489,1991/1/1
Chinese Taipei,,82036,1992/1/1
Chinese Taipei,,85718,1993/1/1
Chinese Taipei,,94078,1994/1/1
Chinese Taipei,,113047,1995/1/1
Chinese Taipei,,117331,1996/1/1
Chinese Taipei,,123159,1997/1/1
Chinese Taipei,,112467,1998/1/1
Chinese Taipei,,123626,1999/1/1
Chinese Taipei,,151357,2000/1/1
Chinese Taipei,,125900,2001/1/1
Chinese Taipei,,135080,2002/1/1
Chinese Taipei,,150298,2003/1/1
Chinese Taipei,,182432,2004/1/1
Chinese Taipei,,198432,2005/1/1
Chinese Taipei,,224017,2006/1/1
Chinese Taipei,,246677,2007/1/1
Chinese Taipei,,255629,2008/1/1
Chinese Taipei,,203675,2009/1/1
Chinese Taipei,,274601,2010/1/1
Chinese Taipei,,308257,2011/1/1
Chinese Taipei,,306409,2012/1/1
Chinese Taipei,,311428,2013/1/1
Chinese Taipei,,320092,2014/1/1
Chinese Taipei,,285344,2015/1/1
Chinese Taipei,,280321,2016/1/1
Chinese Taipei,,317249,2017/1/1
Chinese Taipei,,335909,2018/1/1
Chinese Taipei,,330622,2019/1/1
Chinese Taipei,,347193,2020/1/1
Thailand,,223,1948/1/1
Thailand,,274,1949/1/1
Thailand,,304,1950/1/1
Thailand,,370,1951/1/1
Thailand,,329,1952/1/1
Thailand,,323,1953/1/1
Thailand,,283,1954/1/1
Thailand,,335,1955/1/1
Thailand,,361,1956/1/1
Thailand,,363,1957/1/1
Thailand,,307,1958/1/1
Thailand,,357,1959/1/1
Thailand,,407,1960/1/1
Thailand,,475,1961/1/1
Thailand,,456,1962/1/1
Thailand,,466,1963/1/1
Thailand,,593,1964/1/1
Thailand,,622,1965/1/1
Thailand,,678,1966/1/1
Thailand,,681,1967/1/1
Thailand,,658,1968/1/1
Thailand,,707,1969/1/1
Thailand,,710,1970/1/1
Thailand,,831,1971/1/1
Thailand,,1081,1972/1/1
Thailand,,1564,1973/1/1
Thailand,,2444,1974/1/1
Thailand,,2208,1975/1/1
Thailand,,2980,1976/1/1
Thailand,,3490,1977/1/1
Thailand,,4085,1978/1/1
Thailand,,5298,1979/1/1
Thailand,,6505,1980/1/1
Thailand,,7031,1981/1/1
Thailand,,6945,1982/1/1
Thailand,,6368,1983/1/1
Thailand,,7413,1984/1/1
Thailand,,7121,1985/1/1
Thailand,,8876,1986/1/1
Thailand,,11727,1987/1/1
Thailand,,15953,1988/1/1
Thailand,,20078,1989/1/1
Thailand,,23068,1990/1/1
Thailand,,28428,1991/1/1
Thailand,,32472,1992/1/1
Thailand,,36969,1993/1/1
Thailand,,45261,1994/1/1
Thailand,,56439,1995/1/1
Thailand,,55721,1996/1/1
Thailand,,57345,1997/1/1
Thailand,,54477,1998/1/1
Thailand,,58473,1999/1/1
Thailand,,68963,2000/1/1
Thailand,,64968,2001/1/1
Thailand,,68108,2002/1/1
Thailand,,80324,2003/1/1
Thailand,,96248,2004/1/1
Thailand,,110936,2005/1/1
Thailand,,129722,2006/1/1
Thailand,,153867,2007/1/1
Thailand,,177778,2008/1/1
Thailand,,152422,2009/1/1
Thailand,,193306,2010/1/1
Thailand,,222576,2011/1/1
Thailand,,229106,2012/1/1
Thailand,,228505,2013/1/1
Thailand,,227462,2014/1/1
Thailand,,214310,2015/1/1
Thailand,,215388,2016/1/1
Thailand,,236635,2017/1/1
Thailand,,252957,2018/1/1
Thailand,,246269,2019/1/1
Thailand,,231468,2020/1/1
Turkey,,197,1948/1/1
Turkey,,248,1949/1/1
Turkey,,264,1950/1/1
Turkey,,314,1951/1/1
Turkey,,363,1952/1/1
Turkey,,396,1953/1/1
Turkey,,335,1954/1/1
Turkey,,313,1955/1/1
Turkey,,305,1956/1/1
Turkey,,345,1957/1/1
Turkey,,247,1958/1/1
Turkey,,354,1959/1/1
Turkey,,321,1960/1/1
Turkey,,347,1961/1/1
Turkey,,381,1962/1/1
Turkey,,368,1963/1/1
Turkey,,411,1964/1/1
Turkey,,464,1965/1/1
Turkey,,491,1966/1/1
Turkey,,522,1967/1/1
Turkey,,496,1968/1/1
Turkey,,537,1969/1/1
Turkey,,588,1970/1/1
Turkey,,677,1971/1/1
Turkey,,885,1972/1/1
Turkey,,1317,1973/1/1
Turkey,,1532,1974/1/1
Turkey,,1401,1975/1/1
Turkey,,1960,1976/1/1
Turkey,,1753,1977/1/1
Turkey,,2288,1978/1/1
Turkey,,2261,1979/1/1
Turkey,,2910,1980/1/1
Turkey,,4703,1981/1/1
Turkey,,5746,1982/1/1
Turkey,,5728,1983/1/1
Turkey,,7134,1984/1/1
Turkey,,7958,1985/1/1
Turkey,,7457,1986/1/1
Turkey,,10190,1987/1/1
Turkey,,11662,1988/1/1
Turkey,,11625,1989/1/1
Turkey,,12959,1990/1/1
Turkey,,13595,1991/1/1
Turkey,,14716,1992/1/1
Turkey,,15343,1993/1/1
Turkey,,18106,1994/1/1
Turkey,,21599,1995/1/1
Turkey,,23245,1996/1/1
Turkey,,26260,1997/1/1
Turkey,,26881,1998/1/1
Turkey,,26587,1999/1/1
Turkey,,27775,2000/1/1
Turkey,,31334,2001/1/1
Turkey,,36059,2002/1/1
Turkey,,47253,2003/1/1
Turkey,,63167,2004/1/1
Turkey,,73476,2005/1/1
Turkey,,85535,2006/1/1
Turkey,,107272,2007/1/1
Turkey,,132027,2008/1/1
Turkey,,102143,2009/1/1
Turkey,,113883,2010/1/1
Turkey,,134907,2011/1/1
Turkey,,152462,2012/1/1
Turkey,,161481,2013/1/1
Turkey,,166505,2014/1/1
Turkey,,150982,2015/1/1
Turkey,,149247,2016/1/1
Turkey,,164495,2017/1/1
Turkey,,177169,2018/1/1
Turkey,,180833,2019/1/1
Turkey,,169482,2020/1/1
United Arab Emirates,,,1948/1/1
United Arab Emirates,,,1949/1/1
United Arab Emirates,,3,1950/1/1
United Arab Emirates,,2,1951/1/1
United Arab Emirates,,3,1952/1/1
United Arab Emirates,,2,1953/1/1
United Arab Emirates,,2,1954/1/1
United Arab Emirates,,2,1955/1/1
United Arab Emirates,,2,1956/1/1
United Arab Emirates,,2,1957/1/1
United Arab Emirates,,2,1958/1/1
United Arab Emirates,,2,1959/1/1
United Arab Emirates,,2,1960/1/1
United Arab Emirates,,2,1961/1/1
United Arab Emirates,,10,1962/1/1
United Arab Emirates,,35,1963/1/1
United Arab Emirates,,125,1964/1/1
United Arab Emirates,,190,1965/1/1
United Arab Emirates,,241,1966/1/1
United Arab Emirates,,262,1967/1/1
United Arab Emirates,,335,1968/1/1
United Arab Emirates,,407,1969/1/1
United Arab Emirates,,523,1970/1/1
United Arab Emirates,,871,1971/1/1
United Arab Emirates,,1157,1972/1/1
United Arab Emirates,,1807,1973/1/1
United Arab Emirates,,6414,1974/1/1
United Arab Emirates,,7262,1975/1/1
United Arab Emirates,,9535,1976/1/1
United Arab Emirates,,9636,1977/1/1
United Arab Emirates,,9126,1978/1/1
United Arab Emirates,,13652,1979/1/1
United Arab Emirates,,21970,1980/1/1
United Arab Emirates,,22380,1981/1/1
United Arab Emirates,,18780,1982/1/1
United Arab Emirates,,16900,1983/1/1
United Arab Emirates,,16500,1984/1/1
United Arab Emirates,,16780,1985/1/1
United Arab Emirates,,10640,1986/1/1
United Arab Emirates,,12380,1987/1/1
United Arab Emirates,,12040,1988/1/1
United Arab Emirates,,17596,1989/1/1
United Arab Emirates,,23544,1990/1/1
United Arab Emirates,,24436,1991/1/1
United Arab Emirates,,24756,1992/1/1
United Arab Emirates,,25620,1993/1/1
United Arab Emirates,,26403,1994/1/1
United Arab Emirates,,28364,1995/1/1
United Arab Emirates,,37334,1996/1/1
United Arab Emirates,,40423,1997/1/1
United Arab Emirates,,33837,1998/1/1
United Arab Emirates,,36474,1999/1/1
United Arab Emirates,,49835,2000/1/1
United Arab Emirates,,48414,2001/1/1
United Arab Emirates,,52163,2002/1/1
United Arab Emirates,,67135,2003/1/1
United Arab Emirates,,90997,2004/1/1
United Arab Emirates,,117287,2005/1/1
United Arab Emirates,,145587,2006/1/1
United Arab Emirates,,178630,2007/1/1
United Arab Emirates,,239213,2008/1/1
United Arab Emirates,,191802,2009/1/1
United Arab Emirates,,213539,2010/1/1
United Arab Emirates,,302037,2011/1/1
United Arab Emirates,,359728,2012/1/1
United Arab Emirates,,374214,2013/1/1
United Arab Emirates,,343036,2014/1/1
United Arab Emirates,,300477,2015/1/1
United Arab Emirates,,295031,2016/1/1
United Arab Emirates,,313547,2017/1/1
United Arab Emirates,,387910,2018/1/1
United Arab Emirates,,389373,2019/1/1
United Arab Emirates,,306407,2020/1/1
United Kingdom,,6605,1948/1/1
United Kingdom,,6875,1949/1/1
United Kingdom,,6325,1950/1/1
United Kingdom,,7585,1951/1/1
United Kingdom,,7585,1952/1/1
United Kingdom,,7526,1953/1/1
United Kingdom,,7770,1954/1/1
United Kingdom,,8467,1955/1/1
United Kingdom,,9290,1956/1/1
United Kingdom,,9811,1957/1/1
United Kingdom,,9495,1958/1/1
United Kingdom,,9951,1959/1/1
United Kingdom,,10609,1960/1/1
United Kingdom,,11074,1961/1/1
United Kingdom,,11374,1962/1/1
United Kingdom,,12258,1963/1/1
United Kingdom,,12880,1964/1/1
United Kingdom,,13810,1965/1/1
United Kingdom,,14770,1966/1/1
United Kingdom,,14493,1967/1/1
United Kingdom,,15461,1968/1/1
United Kingdom,,17645,1969/1/1
United Kingdom,,19430,1970/1/1
United Kingdom,,22098,1971/1/1
United Kingdom,,23985,1972/1/1
United Kingdom,,29637,1973/1/1
United Kingdom,,38197,1974/1/1
United Kingdom,,43423,1975/1/1
United Kingdom,,45356,1976/1/1
United Kingdom,,55860,1977/1/1
United Kingdom,,67887,1978/1/1
United Kingdom,,86397,1979/1/1
United Kingdom,,110134,1980/1/1
United Kingdom,,102244,1981/1/1
United Kingdom,,96984,1982/1/1
United Kingdom,,91619,1983/1/1
United Kingdom,,93881,1984/1/1
United Kingdom,,101252,1985/1/1
United Kingdom,,107093,1986/1/1
United Kingdom,,131257,1987/1/1
United Kingdom,,145165,1988/1/1
United Kingdom,,152345,1989/1/1
United Kingdom,,185172,1990/1/1
United Kingdom,,184964,1991/1/1
United Kingdom,,190003,1992/1/1
United Kingdom,,181381,1993/1/1
United Kingdom,,205079,1994/1/1
United Kingdom,,237953,1995/1/1
United Kingdom,,258527,1996/1/1
United Kingdom,,280406,1997/1/1
United Kingdom,,273949,1998/1/1
United Kingdom,,272167,1999/1/1
United Kingdom,,283173,2000/1/1
United Kingdom,,274676,2001/1/1
United Kingdom,,281409,2002/1/1
United Kingdom,,308651,2003/1/1
United Kingdom,,349734,2004/1/1
United Kingdom,,393458,2005/1/1
United Kingdom,,453735,2006/1/1
United Kingdom,,446805,2007/1/1
United Kingdom,,477475,2008/1/1
United Kingdom,,358158,2009/1/1
United Kingdom,,420182,2010/1/1
United Kingdom,,510380,2011/1/1
United Kingdom,,478780,2012/1/1
United Kingdom,,546755,2013/1/1
United Kingdom,,510789,2014/1/1
United Kingdom,,465850,2015/1/1
United Kingdom,,410856,2016/1/1
United Kingdom,,440997,2017/1/1
United Kingdom,,486439,2018/1/1
United Kingdom,,469684,2019/1/1
United Kingdom,,403319,2020/1/1
America,,12653,1948/1/1
America,,12051,1949/1/1
America,,9993,1950/1/1
America,,13967,1951/1/1
America,,13203,1952/1/1
America,,12262,1953/1/1
America,,12854,1954/1/1
America,,14291,1955/1/1
America,,17333,1956/1/1
America,,19495,1957/1/1
America,,16367,1958/1/1
America,,16407,1959/1/1
America,,19626,1960/1/1
America,,20190,1961/1/1
America,,20973,1962/1/1
America,,22427,1963/1/1
America,,25690,1964/1/1
America,,26699,1965/1/1
America,,29379,1966/1/1
America,,30934,1967/1/1
America,,34063,1968/1/1
America,,37332,1969/1/1
America,,43225,1970/1/1
America,,43549,1971/1/1
America,,49199,1972/1/1
America,,70823,1973/1/1
America,,99437,1974/1/1
America,,108856,1975/1/1
America,,116794,1976/1/1
America,,123182,1977/1/1
America,,145847,1978/1/1
America,,186363,1979/1/1
America,,225566,1980/1/1
America,,238715,1981/1/1
America,,216442,1982/1/1
America,,205639,1983/1/1
America,,223976,1984/1/1
America,,218815,1985/1/1
America,,227158,1986/1/1
America,,254122,1987/1/1
America,,322427,1988/1/1
America,,363812,1989/1/1
America,,393592,1990/1/1
America,,421730,1991/1/1
America,,448163,1992/1/1
America,,464773,1993/1/1
America,,512627,1994/1/1
America,,584743,1995/1/1
America,,625073,1996/1/1
America,,689182,1997/1/1
America,,682138,1998/1/1
America,,695797,1999/1/1
America,,781918,2000/1/1
America,,729100,2001/1/1
America,,693103,2002/1/1
America,,724771,2003/1/1
America,,814875,2004/1/1
America,,901082,2005/1/1
America,,1025967,2006/1/1
America,,1148199,2007/1/1
America,,1287442,2008/1/1
America,,1056043,2009/1/1
America,,1278495,2010/1/1
America,,1482508,2011/1/1
America,,1545703,2012/1/1
America,,1579593,2013/1/1
America,,1620532,2014/1/1
America,,1502572,2015/1/1
America,,1451011,2016/1/1
America,,1546273,2017/1/1
America,,1663982,2018/1/1
America,,1643161,2019/1/1
America,,1431638,2020/1/1
Viet Nam,,92,1948/1/1
Viet Nam,,68,1949/1/1
Viet Nam,,44,1950/1/1
Viet Nam,,72,1951/1/1
Viet Nam,,56,1952/1/1
Viet Nam,,53,1953/1/1
Viet Nam,,57,1954/1/1
Viet Nam,,69,1955/1/1
Viet Nam,,45,1956/1/1
Viet Nam,,81,1957/1/1
Viet Nam,,55,1958/1/1
Viet Nam,,75,1959/1/1
Viet Nam,,86,1960/1/1
Viet Nam,,71,1961/1/1
Viet Nam,,33,1962/1/1
Viet Nam,,45,1963/1/1
Viet Nam,,28,1964/1/1
Viet Nam,,21,1965/1/1
Viet Nam,,15,1966/1/1
Viet Nam,,11,1967/1/1
Viet Nam,,8,1968/1/1
Viet Nam,,8,1969/1/1
Viet Nam,,8,1970/1/1
Viet Nam,,8,1971/1/1
Viet Nam,,13,1972/1/1
Viet Nam,,58,1973/1/1
Viet Nam,,25,1974/1/1
Viet Nam,,229,1975/1/1
Viet Nam,,402,1976/1/1
Viet Nam,,594,1977/1/1
Viet Nam,,648,1978/1/1
Viet Nam,,587,1979/1/1
Viet Nam,,338,1980/1/1
Viet Nam,,401,1981/1/1
Viet Nam,,526,1982/1/1
Viet Nam,,616,1983/1/1
Viet Nam,,649,1984/1/1
Viet Nam,,698,1985/1/1
Viet Nam,,789,1986/1/1
Viet Nam,,854,1987/1/1
Viet Nam,,1038,1988/1/1
Viet Nam,,1946,1989/1/1
Viet Nam,,2404,1990/1/1
Viet Nam,,2087,1991/1/1
Viet Nam,,2581,1992/1/1
Viet Nam,,2985,1993/1/1
Viet Nam,,4054,1994/1/1
Viet Nam,,5449,1995/1/1
Viet Nam,,7255,1996/1/1
Viet Nam,,9185,1997/1/1
Viet Nam,,9361,1998/1/1
Viet Nam,,11541,1999/1/1
Viet Nam,,14483,2000/1/1
Viet Nam,,15029,2001/1/1
Viet Nam,,16706,2002/1/1
Viet Nam,,20149,2003/1/1
Viet Nam,,26485,2004/1/1
Viet Nam,,32442,2005/1/1
Viet Nam,,39826,2006/1/1
Viet Nam,,48561,2007/1/1
Viet Nam,,62685,2008/1/1
Viet Nam,,57096,2009/1/1
Viet Nam,,72237,2010/1/1
Viet Nam,,96906,2011/1/1
Viet Nam,,114529,2012/1/1
Viet Nam,,132033,2013/1/1
Viet Nam,,150217,2014/1/1
Viet Nam,,162065,2015/1/1
Viet Nam,,176581,2016/1/1
Viet Nam,,215014,2017/1/1
Viet Nam,,243699,2018/1/1
Viet Nam,,264268,2019/1/1
Viet Nam,,282655,2020/1/1
